[
  {
    "id": "1",
    "questionList": [
      {
        "correct": "Google",
        "options": [
          "Apple",
          "Google",
          "Samsung",
          "Microsoft"
        ],
        "question": "Who owns android?"
      },
      {
        "correct": "Google Assistant",
        "options": [
          "Siri",
          "Cortana",
          "Google Assistant",
          "Alexa"
        ],
        "question": "Which assistant android uses ?"
      }
    ],
    "subtitle": "History and Usage",
    "time": "10",
    "title": "Android"
  },
  {
    "id": "2",
    "questionList": [
      {
        "correct": "Language",
        "options": [
          "Computer",
          "Language",
          "Program",
          "Software"
        ],
        "question": "Java is a ?"
      },
      {
        "correct": "Modulus",
        "options": [
          "Modulus",
          "Multiply",
          "Subtract",
          "Add"
        ],
        "question": "What % symbol means"
      }
    ],
    "subtitle": "Basic Programming Concepts",
    "time": "15",
    "title": "Programming"
  },
  {
    "id": "3",
    "questionList": [
      {
        "correct": "Hyper Text Markup Language",
        "options": [
          "Hyper Transfer Markup Language",
          "Hyper Text Makeup Language",
          "Hyper Text Markup Language",
          "High Transfer Markup Language"
        ],
        "question": "What does HTML stand for?"
      },
      {
        "correct": "JavaScript",
        "options": [
          "Java",
          "Python",
          "JavaScript",
          "C++"
        ],
        "question": "Which programming language is used for client-side scripting in web development?"
      },
      {
        "correct": "Cascading Style Sheet",
        "options": [
          "Cascading Style Sheet",
          "Computer Style Sheet",
          "Colorful Style Sheet",
          "Creative Style Sheet"
        ],
        "question": "What does CSS stand for?"
      },
      {
        "correct": "Contains metadata about the document",
        "options": [
          "Defines the main content of the document",
          "Contains metadata about the document",
          "Specifies a header for a document",
          "Defines a section that is quoted from another source"
        ],
        "question": "What is the purpose of the <head> tag in HTML?"
      }
    ],
    "subtitle": "Introduction to Web Technologies",
    "time": "12",
    "title": "Web Development"
  },
  {
    "id": "4",
    "questionList": [
      {
        "correct": "Mitochondria",
        "options": [
          "Nucleus",
          "Mitochondria",
          "Endoplasmic Reticulum",
          "Golgi Apparatus"
        ],
        "question": "What is the powerhouse of the cell?"
      },
      {
        "correct": "Carbon Dioxide",
        "options": [
          "Oxygen",
          "Carbon Dioxide",
          "Nitrogen",
          "Hydrogen"
        ],
        "question": "Which gas do plants absorb during photosynthesis?"
      },
      {
        "correct": "Skin",
        "options": [
          "Heart",
          "Liver",
          "Skin",
          "Lungs"
        ],
        "question": "What is the largest organ in the human body?"
      },
      {
        "correct": "Carry oxygen",
        "options": [
          "Carry oxygen",
          "Digest food",
          "Produce antibodies",
          "Store energy"
        ],
        "question": "What is the function of red blood cells?"
      },
      {
        "correct": "Charles Darwin",
        "options": [
          "Isaac Newton",
          "Charles Darwin",
          "Albert Einstein",
          "Gregor Mendel"
        ],
        "question": "Which scientist is known for the theory of evolution by natural selection?"
      }
    ],
    "subtitle": "Biology Basics",
    "time": "18",
    "title": "Science"
  },
  {
    "id": "5",
    "questionList": [
      {
        "correct": "Paris",
        "options": [
          "Berlin",
          "Madrid",
          "Paris",
          "Rome"
        ],
        "question": "What is the capital of France?"
      },
      {
        "correct": "Tokyo",
        "options": [
          "Seoul",
          "Beijing",
          "Tokyo",
          "Bangkok"
        ],
        "question": "Which city is the capital of Japan?"
      },
      {
        "correct": "Australia",
        "options": [
          "Australia",
          "Canada",
          "New Zealand",
          "South Africa"
        ],
        "question": "Canberra is the capital of which country?"
      },
      {
        "correct": "Brasília",
        "options": [
          "Buenos Aires",
          "Rio de Janeiro",
          "Brasília",
          "São Paulo"
        ],
        "question": "What is the capital of Brazil?"
      },
      {
        "correct": "Rome",
        "options": [
          "Athens",
          "Rome",
          "Vienna",
          "Barcelona"
        ],
        "question": "Which European city is known as the 'Eternal City'?"
      }
    ],
    "subtitle": "World Capitals",
    "time": "10",
    "title": "Geography"
  }
]